{
  "uid" : "83edc06c07f9ae9e47eb6dd1b683e4e2",
  "name" : "packages",
  "children" : [ {
    "name" : "testcase",
    "children" : [ {
      "name" : "test_find.TestFind.test_find",
      "uid" : "531c86dbca320b6",
      "parentUid" : "559e15d0a5469c40d1629e36b5ae40ea",
      "status" : "passed",
      "time" : {
        "start" : 1544459544236,
        "stop" : 1544459557293,
        "duration" : 13057
      },
      "flaky" : false,
      "parameters" : [ ]
    } ],
    "uid" : "559e15d0a5469c40d1629e36b5ae40ea"
  } ]
}