{
  "uid" : "98d3104e051c652961429bf95fa0b5d6",
  "name" : "suites",
  "children" : [ {
    "name" : "testcase",
    "children" : [ {
      "name" : "test_find.TestFind.test_find",
      "uid" : "531c86dbca320b6",
      "parentUid" : "7d3977dcbf31acd3e26ecbe96342e45e",
      "status" : "passed",
      "time" : {
        "start" : 1544459544236,
        "stop" : 1544459557293,
        "duration" : 13057
      },
      "flaky" : false,
      "parameters" : [ ]
    } ],
    "uid" : "7d3977dcbf31acd3e26ecbe96342e45e"
  } ]
}